,Nucleotide,index,unique match,absolute match,PNA mapping
0,G,0,10,30780,0
1,T,1,20,61560,0
2,G,2,30,92342,0
3,C,3,40,123122,0
4,C,4,50,153924,0
5,A,5,60,184718,0
6,G,6,70,215508,0
7,C,7,80,246216,0
8,A,8,90,276360,0
9,G,9,98,299778,0
10,C,10,104,316460,0
11,C,11,108,326390,0
12,G,12,110,329650,0
13,C,13,110,326708,0
14,G,14,110,323732,0
15,G,15,110,320734,0
16,T,16,110,317704,0
17,A,17,110,314626,0
18,A,18,110,310332,0
19,T,19,110,304098,0
20,T,20,110,296386,0
21,C,21,110,291226,0
22,C,22,110,284172,0
23,A,23,110,276188,0
24,G,24,110,268102,0
25,C,25,110,259852,0
26,T,26,110,251430,0
27,C,27,110,242824,0
28,C,28,110,234070,0
29,A,29,110,225230,0
30,A,30,108,212224,0
31,T,31,104,204098,0
32,A,32,104,195102,0
33,G,33,102,180506,0
34,C,34,98,160450,0
35,G,35,92,140520,0
36,T,36,84,121272,0
37,A,37,74,102044,0
38,T,38,64,82796,0
39,A,39,56,63532,0
40,T,40,46,43590,0
41,T,41,36,22514,0
42,T,42,28,56,0
43,A,43,32,13860,0
44,A,44,34,27566,0
45,G,45,34,42050,0
46,T,46,44,61720,0
47,T,47,54,81364,0
48,G,48,62,100974,0
49,T,49,72,120434,0
50,T,50,82,148340,0
51,G,51,90,176142,0
52,C,52,98,200940,0
53,A,53,104,222724,0
54,G,54,108,242878,0
55,T,55,110,259118,0
56,T,56,110,271392,0
57,A,57,110,282524,0
58,A,58,110,292834,0
59,A,59,110,300378,0
60,A,60,110,306134,0
61,A,61,110,309260,0
62,G,62,110,310888,0
63,C,63,110,304962,0
64,T,64,108,292960,0
65,C,65,104,275166,0
66,G,66,98,252152,0
67,T,67,92,223778,0
68,A,68,84,195064,0
69,G,69,76,166296,0
70,T,70,66,137422,0
71,T,71,58,108522,0
72,G,72,50,79798,0
73,G,73,40,50982,0
74,A,74,30,26110,0
75,C,75,22,1252,0
76,C,76,12,160,0
77,T,77,12,230,0
78,T,78,14,622,0
79,G,79,16,674,0
80,G,80,20,760,0
81,G,81,22,806,0
82,T,82,24,838,0
83,T,83,32,846,0
84,G,84,36,726,0
85,G,85,40,730,0
86,G,86,40,668,0
87,T,87,36,302,0
88,C,88,40,206,0
89,G,89,44,184,0
90,A,90,44,128,0
91,T,91,40,42,0
92,C,92,40,70,0
93,G,93,36,66,0
94,G,94,30,60,0
95,T,95,24,54,0
96,C,96,24,54,0
97,C,97,22,52,0
98,G,98,18,46,0
99,C,99,12,40,0
100,C,100,4,32,0
101,T,101,4,12,0
102,A,102,4,12,0
103,T,103,8,20,0
104,G,104,10,38,0
105,G,105,16,52,0
106,T,106,20,56,0
107,G,107,22,72,0
108,T,108,22,72,0
109,G,109,24,76,0
110,C,110,22,66,0
111,A,111,24,68,0
112,C,112,24,70,0
113,C,113,22,54,0
114,G,114,22,52,0
115,G,115,20,52,0
116,T,116,14,32,0
117,T,117,16,34,0
118,G,118,14,30,0
119,G,119,14,30,0
120,C,120,14,30,0
121,T,121,14,30,0
122,C,122,14,26,0
123,G,123,12,18,0
124,T,124,10,18,0
125,C,125,12,20,0
126,C,126,10,18,0
127,C,127,12,20,0
128,T,128,12,20,0
129,T,129,12,20,0
130,C,130,10,14,0
131,T,131,8,12,0
132,G,132,8,12,0
133,C,133,6,6,6
134,C,134,4,4,10
135,G,135,4,4,12
136,G,136,4,4,12
137,C,137,6,12,12
138,G,138,8,22,12
139,A,139,10,32,12
140,T,140,12,34,12
141,G,141,20,42,12
142,C,142,26,48,10
143,G,143,30,52,6
144,C,144,32,54,0
145,T,145,32,56,0
146,C,146,30,48,0
147,C,147,38,112,0
148,T,148,44,160,0
149,G,149,50,206,0
150,G,150,54,240,0
151,C,151,54,354,0
152,C,152,52,414,0
153,T,153,46,410,0
154,T,154,44,406,0
155,A,155,48,410,0
156,A,156,50,1018,0
157,T,157,52,1004,0
158,T,158,50,980,0
159,G,159,44,938,0
160,G,160,42,898,0
161,C,161,38,776,0
162,C,162,40,822,0
163,G,163,44,854,0
164,G,164,44,864,0
165,G,165,42,242,0
166,T,166,38,230,0
167,C,167,34,214,0
168,G,168,28,204,0
169,T,169,26,148,0
170,G,170,24,138,0
171,C,171,18,102,0
172,C,172,12,50,0
173,T,173,6,14,0
174,C,174,4,10,0
175,C,175,4,10,0
176,G,176,6,20,0
177,G,177,6,20,0
178,C,178,6,20,0
179,G,179,4,14,0
180,C,180,14,214,0
181,T,181,22,408,0
182,G,182,32,716,0
183,T,183,42,12442,0
184,T,184,52,18678,0
185,A,185,60,19544,0
186,C,186,70,20424,0
187,T,187,80,21210,0
188,T,188,90,21900,0
189,T,189,98,22464,0
190,G,190,104,22878,0
191,A,191,108,23124,0
192,A,192,110,17706,0
193,G,193,110,6856,0
194,A,194,110,22492,0
195,A,195,110,32610,0
196,A,196,110,37184,0
197,T,197,110,36356,0
198,T,198,110,35506,0
199,A,199,110,34680,0
200,G,200,110,34304,0
201,A,201,110,34354,0
202,G,202,108,34310,0
203,T,203,104,28844,0
204,G,204,98,17984,0
205,C,205,90,1690,0
206,T,206,86,1862,0
207,C,207,80,1946,0
208,A,208,76,2136,0
209,A,209,70,2102,0
210,A,210,62,1980,0
211,G,211,52,1790,0
212,C,212,42,1506,0
213,A,213,32,1122,0
214,A,214,22,634,0
215,G,215,22,550,0
216,C,216,18,396,0
217,C,217,12,34,0
218,T,218,10,22,0
219,A,219,4,4,0
220,C,220,4,4,0
221,G,221,6,6,0
222,C,222,6,6,0
223,T,223,8,282,0
224,C,224,6,280,0
225,T,225,16,290,0
226,G,226,26,300,0
227,G,227,34,340,0
228,A,228,44,24982,0
229,T,229,54,49648,0
230,A,230,62,69418,0
231,C,231,72,84522,0
232,A,232,80,94666,0
233,T,233,90,100156,0
234,T,234,98,100332,0
235,A,235,104,100556,0
236,G,236,108,100726,0
237,C,237,110,95944,0
238,A,238,110,86174,0
239,T,239,110,71426,0
240,G,240,110,51716,0
241,G,241,110,26792,0
242,G,242,110,1472,0
243,A,243,110,1400,0
244,T,244,110,1254,0
245,A,245,108,1142,0
246,A,246,104,968,0
247,C,247,98,774,0
248,A,248,90,648,0
249,C,249,80,496,0
250,C,250,72,346,0
251,A,251,62,250,0
252,C,252,52,142,0
253,A,253,46,126,0
254,G,254,38,74,0
255,G,255,28,54,0
256,A,256,20,42,0
257,T,257,12,28,0
258,T,258,20,146,0
259,C,259,24,150,0
260,T,260,28,158,0
261,G,261,30,162,0
262,A,262,28,160,0
263,T,263,24,154,0
264,C,264,24,154,0
265,C,265,30,186,0
266,T,266,34,214,0
267,A,267,36,124,0
268,T,268,34,132,0
269,T,269,30,146,0
270,G,270,24,142,0
271,T,271,24,142,0
272,G,272,24,142,0
273,T,273,24,142,0
274,T,274,22,130,0
275,G,275,22,152,0
276,G,276,22,302,0
277,C,277,20,344,0
278,C,278,22,366,0
279,T,279,26,452,0
280,T,280,34,768,0
281,C,281,40,956,0
282,G,282,44,1028,0
283,G,283,46,1064,0
284,G,284,46,1054,0
285,A,285,44,1492,0
286,T,286,40,1426,0
287,C,287,34,1342,0
288,G,288,38,1944,0
289,G,289,44,2812,0
290,A,290,46,13924,0
291,G,291,46,19590,0
292,T,292,42,19522,0
293,A,293,50,19640,0
294,A,294,56,19116,0
295,T,295,62,19176,0
296,G,296,66,19218,0
297,A,297,66,19058,0
298,T,298,62,18550,0
299,T,299,56,12286,0
300,A,300,48,522,0
301,A,301,44,438,0
302,C,302,38,308,0
303,A,303,36,1830,0
304,G,304,32,1772,0
305,G,305,26,1704,0
306,G,306,16,1604,0
307,A,307,22,1730,0
308,C,308,28,1948,0
309,A,309,32,2090,0
310,G,310,32,2122,0
311,T,311,28,2112,0
312,C,312,24,550,0
313,G,313,22,548,0
314,G,314,20,534,0
315,G,315,20,534,0
316,G,316,20,496,0
317,G,317,16,360,0
318,C,318,10,112,0
319,A,319,4,14,0
320,T,320,4,14,0
321,T,321,6,12,0
322,C,322,10,18,0
323,G,323,16,28,0
324,T,324,20,32,0
325,A,325,20,30,0
326,T,326,20,30,0
327,T,327,20,30,0
328,T,328,20,30,0
329,C,329,20,30,0
330,A,330,18,24,0
331,T,331,24,28,0
332,A,332,30,30,0
333,G,333,36,470,0
334,T,334,40,906,0
335,C,335,50,29202,0
336,A,336,60,57898,0
337,G,337,70,86316,0
338,A,338,80,113558,0
339,G,339,90,139554,0
340,G,340,98,164368,0
341,T,341,104,187954,0
342,G,342,108,210478,0
343,A,343,110,232896,0
344,A,344,110,245164,0
345,A,345,110,247214,0
346,T,346,108,238904,0
347,T,347,104,220414,0
348,C,348,98,191946,0
349,T,349,90,163382,0
350,T,350,80,135896,0
351,G,351,70,113112,0
352,G,352,60,90564,0
353,A,353,52,67978,0
354,T,354,46,45258,0
355,T,355,38,22626,0
356,T,356,28,62,0
357,A,357,20,28,0
358,T,358,10,16,0
359,G,359,12,18,0
360,A,360,16,78,0
361,A,361,26,660,0
362,A,362,34,780,0
363,G,363,42,982,0
364,A,364,48,1080,0
365,C,365,58,1130,0
366,G,366,66,1230,0
367,A,367,76,1332,0
368,A,368,84,1430,0
369,C,369,92,1524,0
370,A,370,98,1144,0
371,A,371,104,3402,0
372,C,372,108,5990,0
373,T,373,110,28678,0
374,G,374,108,46418,0
375,C,375,104,58194,0
376,G,376,98,64014,0
377,A,377,90,63946,0
378,A,378,80,63848,0
379,A,379,70,63740,0
380,G,380,64,63198,0
381,C,381,64,62144,0
382,A,382,62,55314,0
383,T,383,58,42606,0
384,T,384,52,23994,0
385,T,385,44,174,0
386,G,386,40,224,0
387,C,387,50,11080,0
388,C,388,60,16566,0
389,A,389,66,16578,0
390,A,390,68,16568,0
391,G,391,68,16560,0
392,G,392,64,16546,0
393,A,393,62,16748,0
394,T,394,56,16872,0
395,G,395,56,16910,0
396,T,396,62,11460,0
397,T,397,66,558,0
398,T,398,70,1256,0
399,T,399,72,1958,0
400,C,400,72,2654,0
401,A,401,72,3350,0
402,T,402,80,31912,0
403,T,403,86,60524,0
404,A,404,90,88960,0
405,A,405,98,118274,0
406,T,406,104,147500,0
407,C,407,108,176776,0
408,A,408,110,205804,0
409,A,409,110,234580,0
410,G,410,110,263102,0
411,A,411,110,285666,0
412,A,412,110,302424,0
413,C,413,110,313702,0
414,G,414,110,313442,0
415,A,415,108,302220,0
416,A,416,104,284916,0
417,A,417,98,267162,0
418,G,418,90,237810,0
419,T,419,80,208372,0
420,T,420,70,178900,0
421,G,421,62,150006,0
422,G,422,52,121094,0
423,G,423,42,92362,0
424,G,424,34,63496,0
425,G,425,24,34486,0
426,C,426,24,48,0
427,T,427,24,28958,0
428,C,428,34,57834,0
429,G,429,44,86652,0
430,A,430,52,115470,0
431,A,431,62,144300,0
432,G,432,72,173102,0
433,A,433,80,201932,0
434,C,434,90,230756,0
435,G,435,98,260054,0
436,A,436,104,283392,0
437,T,437,106,295066,0
438,C,438,104,295082,0
439,A,439,98,283692,0
440,G,440,90,260700,0
441,A,441,80,231896,0
442,T,442,80,203094,0
443,A,443,80,174274,0
444,C,444,80,145322,0
445,C,445,80,116232,0
446,G,446,78,87012,0
447,T,447,74,58054,0
448,C,448,74,29036,0
449,C,449,74,104,0
450,T,450,84,26044,0
451,A,451,92,51222,0
452,G,452,98,75638,0
453,T,453,102,99894,0
454,C,454,104,124132,0
455,T,455,104,143838,0
456,C,456,104,159724,0
457,A,457,104,171058,0
458,A,458,104,177838,0
459,C,459,108,174118,0
460,C,460,110,164618,0
461,A,461,110,151714,0
462,T,462,110,134146,0
463,A,463,110,111480,0
464,A,464,110,88488,0
465,A,465,110,64982,0
466,C,466,110,40978,0
467,G,467,110,16400,0
468,A,468,110,14488,0
469,T,469,110,12454,0
470,G,470,110,10246,0
471,C,471,110,8262,0
472,C,472,110,6664,0
473,G,473,110,4914,0
474,A,474,110,3394,0
475,C,475,110,2226,0
476,C,476,108,1064,0
477,A,477,108,1654,0
478,G,478,106,2000,0
479,G,479,102,2192,0
480,G,480,96,2152,0
481,A,481,88,2086,0
482,T,482,80,1986,0
483,C,483,70,1874,0
484,A,484,60,1782,0
485,G,485,50,1688,0
486,C,486,42,1364,0
487,G,487,32,902,0
488,G,488,24,240,0
489,A,489,22,152,0
490,T,490,16,40,0
491,G,491,18,680,0
492,T,492,20,684,0
493,T,493,20,684,0
494,G,494,26,752,0
495,C,495,28,752,0
496,T,496,34,810,0
497,T,497,40,4086,0
498,T,498,44,4110,0
499,T,499,44,4126,0
500,A,500,40,3520,0
501,G,501,36,3512,0
502,G,502,36,3512,0
503,A,503,34,3448,0
504,C,504,32,3450,0
505,T,505,26,3414,0
506,C,506,22,116,0
507,C,507,16,88,0
508,G,508,10,56,0
509,C,509,2,6,0
510,T,510,12,1162,0
511,G,511,22,2580,0
512,G,512,32,23212,0
513,C,513,40,43808,0
514,A,514,50,64570,0
515,C,515,60,85474,0
516,C,516,70,106370,0
517,T,517,80,128746,0
518,T,518,90,152390,0
519,A,519,98,175958,0
520,T,520,104,199754,0
521,G,521,108,219510,0
522,A,522,110,233542,0
523,G,523,110,242724,0
524,A,524,110,247260,0
525,A,525,110,247154,0
526,A,526,110,246028,0
527,T,527,110,243848,0
528,C,528,110,240812,0
529,A,529,110,237342,0
530,A,530,110,237086,0
531,A,531,110,240594,0
532,G,532,110,242014,0
533,T,533,110,241620,0
534,C,534,110,240376,0
535,T,535,110,241984,0
536,T,536,110,243368,0
537,T,537,110,245148,0
538,G,538,110,247014,0
539,G,539,110,248120,0
540,G,540,110,248138,0
541,T,541,110,247012,0
542,T,542,110,244890,0
543,C,543,110,241686,0
544,C,544,110,237912,0
545,G,545,110,246348,0
546,G,546,110,254050,0
547,G,547,110,260916,0
548,G,548,110,267008,0
549,G,549,110,272698,0
550,G,550,110,278136,0
551,A,551,110,284832,0
552,G,552,110,291442,0
553,T,553,110,297872,0
554,A,554,110,302884,0
555,T,555,110,306508,0
556,G,556,110,311478,0
557,G,557,110,314390,0
558,T,558,110,315678,0
559,C,559,110,316954,0
560,G,560,110,317990,0
561,C,561,110,318838,0
562,A,562,110,319456,0
563,A,563,110,319836,0
564,G,564,110,320000,0
565,G,565,110,319448,0
566,C,566,110,319818,0
567,T,567,110,320106,0
568,G,568,110,322072,0
569,A,569,110,323884,0
570,A,570,110,325540,0
571,A,571,110,327014,0
572,C,572,110,328420,0
573,T,573,110,329672,0
574,T,574,110,330738,0
575,A,575,110,331494,0
576,A,576,110,331776,0
577,A,577,108,325642,0
578,G,578,104,313228,0
579,G,579,98,294552,0
580,A,580,90,270288,0
581,A,581,80,239980,0
582,T,582,70,209656,0
583,T,583,60,179332,0
584,G,584,50,149006,0
585,A,585,40,118674,0
586,C,586,30,89036,0
587,G,587,20,59392,0
588,G,588,10,29740,0
589,A,589,0,0,0
