Nucleotide,index,unique match,absolute match
G,0,10,263740
T,1,20,527480
G,2,30,791222
C,3,40,1054968
C,4,50,1318794
A,5,60,1582620
G,6,70,1846444
C,7,80,2110192
A,8,90,2373768
G,9,98,2584432
C,10,104,2742278
C,11,108,2847156
G,12,110,2898798
C,13,110,2897494
G,14,110,2895960
G,15,110,2894206
T,16,110,2891430
A,17,110,2887644
A,18,110,2880788
T,19,110,2868662
T,20,110,2851818
C,21,110,2831674
C,22,110,2807386
A,23,110,2781022
G,24,110,2754908
C,25,110,2728890
T,26,110,2702836
C,27,110,2676996
C,28,110,2651174
A,29,110,2630358
A,30,110,2562686
T,31,110,2463716
A,32,110,2329924
G,33,110,2144680
C,34,110,1908332
G,35,110,1672250
T,36,110,1436212
A,37,110,1200184
T,38,110,963968
A,39,110,727512
T,40,110,489202
T,41,110,247204
T,42,110,1056
A,43,110,224294
A,44,110,439568
G,45,110,652024
T,46,110,865276
T,47,110,1078424
G,48,110,1291272
T,49,110,1502148
T,50,110,1713040
G,51,110,1922060
C,52,110,2078342
A,53,110,2192408
G,54,110,2314230
T,55,110,2393138
T,56,110,2429310
A,57,110,2465144
A,58,110,2502382
A,59,110,2533690
A,60,110,2559342
A,61,110,2543400
G,62,110,2494272
C,63,110,2392498
T,64,110,2243632
C,65,110,2049656
G,66,110,1846234
T,67,110,1632856
A,68,110,1419236
G,69,110,1200698
T,70,108,975082
T,71,104,741800
G,72,98,527060
G,73,92,304818
A,74,86,270596
C,75,80,232462
C,76,74,196124
T,77,70,160160
T,78,64,124250
G,79,56,88532
G,80,50,54550
G,81,42,18904
T,82,32,6094
T,83,30,2124
G,84,26,1678
G,85,32,1706
G,86,38,1738
T,87,44,1760
C,88,48,1900
G,89,56,992
A,90,60,1190
T,91,68,4032
C,92,76,56294
G,93,86,86754
G,94,92,88488
T,95,94,88700
C,96,92,88738
C,97,86,88680
G,98,78,88150
C,99,70,88112
C,100,62,86924
T,101,54,60422
A,102,44,5696
T,103,40,1428
G,104,34,1002
G,105,24,832
T,106,16,670
G,107,16,670
T,108,14,536
G,109,14,534
C,110,14,526
A,111,20,590
C,112,22,1498
C,113,22,1144
G,114,26,1152
G,115,26,1146
T,116,26,1220
T,117,28,1228
G,118,28,1236
G,119,26,1234
C,120,26,1198
T,121,24,142
C,122,18,114
G,123,18,110
T,124,18,1064
C,125,18,986
C,126,20,1018
C,127,22,1096
T,128,24,1108
T,129,26,1110
C,130,26,1112
T,131,28,1114
G,132,28,1116
C,133,26,170
C,134,24,188
G,135,24,152
G,136,20,68
C,137,18,54
G,138,16,52
A,139,14,48
T,140,18,70
G,141,20,82
C,142,20,72
G,143,18,50
C,144,16,48
T,145,20,196
C,146,22,296
C,147,24,318
T,148,24,358
G,149,22,344
G,150,18,322
C,151,16,1102
C,152,20,1608
T,153,22,1610
T,154,22,1540
A,155,18,1366
A,156,18,1344
T,157,22,1784
T,158,26,3106
G,159,30,5130
G,160,30,4744
C,161,28,3928
C,162,24,3924
G,163,24,3924
G,164,34,8648
G,165,42,11310
T,166,46,12156
C,167,48,11744
G,168,46,9408
T,169,44,9554
G,170,46,9486
C,171,48,9488
C,172,48,9486
T,173,48,7272
C,174,44,4344
C,175,40,2102
G,176,36,1620
G,177,28,922
C,178,20,206
G,179,28,230
C,180,34,13486
T,181,42,24414
G,182,50,33344
T,183,60,105072
T,184,68,140492
A,185,76,141248
C,186,82,142028
T,187,90,142818
T,188,98,143838
T,189,104,142872
G,190,108,139016
A,191,110,132164
A,192,110,89046
G,193,110,15510
A,194,110,172926
A,195,110,284764
A,196,110,347388
T,197,110,360692
T,198,110,369454
A,199,110,373884
G,200,110,374154
A,201,110,373794
G,202,108,372116
T,203,104,320926
G,204,98,220212
C,205,90,70008
T,206,90,52770
C,207,90,31444
A,208,90,11354
A,209,90,8972
A,210,90,6520
G,211,90,5906
C,212,88,5124
A,213,84,4390
A,214,78,3632
G,215,80,3632
C,216,78,2754
C,217,72,1334
T,218,64,1146
A,219,54,886
C,220,44,750
G,221,34,626
C,222,24,504
T,223,24,390
C,224,24,200
T,225,30,418
G,226,40,8958
G,227,50,17698
A,228,60,173858
T,229,70,330032
A,230,80,455082
C,231,90,549614
A,232,98,643044
T,233,104,694528
T,234,108,695328
A,235,110,694236
G,236,110,691170
C,237,108,656688
A,238,104,590780
T,239,98,493566
G,240,90,366626
G,241,82,194904
G,242,74,4002
A,243,66,3912
T,244,60,3050
A,245,54,2780
A,246,48,2080
C,247,40,1434
A,248,30,1334
C,249,20,1324
C,250,20,1604
A,251,22,1438
C,252,22,838
A,253,22,838
G,254,20,438
G,255,16,410
A,256,14,370
T,257,16,384
T,258,18,450
C,259,22,726
T,260,24,3058
G,261,30,4668
A,262,38,4686
T,263,46,4746
C,264,56,4898
C,265,62,5128
T,266,66,5396
A,267,68,5498
T,268,70,5542
T,269,68,4370
G,270,62,1414
T,271,58,1404
G,272,54,1340
T,273,50,1324
T,274,46,1262
G,275,40,1052
G,276,32,946
C,277,24,656
C,278,24,410
T,279,32,1724
T,280,40,2066
C,281,44,2240
G,282,46,18396
G,283,44,18886
G,284,44,18886
A,285,40,18672
T,286,38,18580
C,287,46,18706
G,288,52,17960
G,289,58,19542
A,290,62,30226
G,291,64,156100
T,292,66,249772
A,293,74,300352
A,294,80,303626
T,295,90,306460
G,296,98,308686
A,297,104,310072
T,298,108,310280
T,299,110,306948
A,300,110,257502
A,301,110,160736
C,302,110,16988
A,303,110,86082
G,304,110,153906
G,305,110,223552
G,306,110,292262
A,307,110,366970
C,308,110,441854
A,309,110,537988
G,310,110,633006
T,311,110,696440
C,312,110,717496
G,313,110,718500
G,314,110,680330
G,315,110,627570
G,316,110,558678
G,317,110,486928
C,318,108,403848
A,319,104,303436
T,320,98,199624
T,321,94,82452
C,322,88,22908
G,323,88,20952
T,324,88,18136
A,325,88,14564
T,326,88,10238
T,327,88,5912
T,328,88,1590
C,329,88,1058
A,330,88,3474
T,331,94,9042
A,332,98,15514
G,333,104,180850
T,334,108,346452
C,335,110,512076
A,336,110,753626
G,337,110,994034
A,338,110,1233922
G,339,110,1469298
G,340,110,1703758
T,341,110,1932010
G,342,110,2122446
A,343,110,2276700
A,344,110,2390056
A,345,110,2437562
T,346,110,2414682
T,347,110,2333936
C,348,110,2196158
T,349,110,2007634
T,350,110,1792338
G,351,110,1560328
G,352,110,1346716
A,353,110,1132222
T,354,110,915510
T,355,110,696530
T,356,110,484352
A,357,110,301626
T,358,108,164702
G,359,104,66110
A,360,98,57502
A,361,92,51060
A,362,84,41890
G,363,74,32558
A,364,64,23012
C,365,56,13186
G,366,48,3322
A,367,48,5652
A,368,48,8048
C,369,48,10282
A,370,48,10224
A,371,54,190502
C,372,64,425886
T,373,74,671636
G,374,82,908664
C,375,90,1135132
G,376,98,1350796
A,377,104,1557364
A,378,108,1761010
A,379,110,1961934
G,380,110,2126240
C,381,110,2242204
A,382,110,2298516
T,383,110,2298154
T,384,110,2239924
T,385,110,2168210
G,386,110,2140586
C,387,110,2119976
C,388,110,2109206
A,389,110,2099364
A,390,110,2089518
G,391,110,2079592
G,392,110,2068958
A,393,110,2056284
T,394,110,2037918
G,395,110,2088166
T,396,110,2125474
T,397,110,2142210
T,398,110,2135322
T,399,110,2104092
C,400,110,2058554
A,401,110,1993936
T,402,110,1929708
T,403,110,1865358
A,404,110,1791454
A,405,110,1735078
T,406,110,1659154
C,407,110,1558684
A,408,110,1433724
A,409,110,1276334
G,410,110,1244376
A,411,110,1180108
A,412,110,1085446
C,413,110,958494
G,414,110,825864
A,415,110,687258
A,416,110,543130
A,417,110,421934
G,418,110,367960
T,419,110,280066
T,420,110,174460
G,421,110,51408
G,422,110,49456
G,423,110,48546
G,424,110,47472
G,425,110,46270
C,426,110,30506
T,427,110,128072
C,428,110,253794
G,429,110,377426
A,430,110,499154
A,431,110,621082
G,432,110,742924
A,433,110,900442
C,434,110,1058150
G,435,110,1246476
A,436,110,1401280
T,437,110,1492070
C,438,110,1519058
A,439,110,1506302
G,440,110,1417294
A,441,110,1295478
T,442,110,1166756
A,443,110,1031044
C,444,110,881612
C,445,110,718828
G,446,110,542656
T,447,110,360422
C,448,110,157950
C,449,110,854
T,450,110,3436
A,451,110,5960
G,452,110,8126
T,453,110,10568
C,454,110,12920
T,455,110,14854
C,456,110,16308
A,457,110,74930
A,458,110,105820
C,459,110,108240
C,460,110,110044
A,461,110,111980
T,462,110,118482
A,463,110,124548
A,464,110,129026
A,465,110,131846
C,466,110,105090
G,467,110,48886
A,468,110,47900
T,469,110,46556
G,470,110,44770
C,471,110,41744
C,472,110,37180
G,473,110,31200
A,474,110,24022
C,475,110,16022
C,476,110,7936
A,477,110,7896
G,478,110,7272
G,479,110,6328
G,480,110,5064
A,481,110,4084
T,482,110,3162
C,483,110,2178
A,484,110,1544
G,485,110,1556
C,486,110,880
G,487,110,756
G,488,110,750
A,489,110,728
T,490,110,812
G,491,110,790
T,492,110,774
T,493,110,728
G,494,110,674
C,495,110,582
T,496,110,582
T,497,110,522
T,498,108,440
T,499,108,382
A,500,108,398
G,501,108,416
G,502,108,442
A,503,108,486
C,504,108,528
T,505,108,596
C,506,108,626
C,507,108,674
G,508,108,704
C,509,108,732
T,510,108,4330
G,511,110,54226
G,512,110,65684
C,513,110,77122
A,514,110,88508
C,515,110,99986
C,516,110,111532
T,517,110,123178
T,518,110,136738
A,519,110,149378
T,520,110,124440
G,521,110,337122
A,522,110,520100
G,523,110,673760
A,524,110,798726
A,525,110,896404
A,526,110,966886
T,527,110,1036884
C,528,110,1106300
A,529,110,1175002
A,530,110,1202536
A,531,110,1188566
G,532,110,1117828
T,533,110,989990
C,534,110,806836
T,535,110,788694
T,536,110,734898
T,537,110,681724
G,538,110,628668
G,539,110,577116
G,540,110,525470
T,541,110,473632
T,542,110,421874
C,543,110,370820
C,544,110,296692
G,545,110,513038
G,546,110,748340
G,547,110,975276
G,548,110,1194302
G,549,110,1411058
G,550,110,1625634
A,551,110,1839414
G,552,110,2053062
T,553,110,2269284
A,554,110,2445594
T,555,110,2576156
G,556,110,2663308
G,557,110,2707238
T,558,110,2707364
C,559,110,2711784
G,560,110,2722138
C,561,110,2737152
A,562,110,2751654
A,563,110,2765654
G,564,110,2779450
G,565,110,2793420
C,566,110,2807676
T,567,110,2797424
G,568,110,2762540
A,569,110,2701140
A,570,110,2611930
A,571,110,2494854
C,572,110,2375302
T,573,110,2254204
T,574,110,2131882
A,575,110,2009186
A,576,110,1885868
A,577,108,1734262
G,578,104,1554372
G,579,98,1346388
A,580,90,1261964
A,581,82,1124972
T,582,72,987550
T,583,62,850126
G,584,52,712696
A,585,42,575260
C,586,32,437876
G,587,22,300480
G,588,12,163072
A,589,2,404