Nuclotide,index,unique match,absolute match
G,0,10,293104
T,1,20,586222
G,2,30,879378
C,3,40,1172552
C,4,50,1465706
A,5,60,1758868
G,6,70,2052008
C,7,80,2339570
A,8,90,2621454
G,9,98,2842484
C,10,104,2993922
C,11,108,3046772
G,12,110,2989176
C,13,110,2821140
G,14,110,2601330
G,15,110,2334286
T,16,110,2048230
A,17,110,1761018
A,18,110,1471696
T,19,110,1180200
A,20,110,915982
C,21,110,651574
G,22,108,386474
G,23,104,144982
G,24,98,48280
G,25,98,47192
G,26,96,38872
G,27,96,30542
G,28,94,23858
G,29,90,20986
C,30,84,18134
A,31,80,15406
A,32,74,13072
G,33,74,18526
T,34,72,8800
G,35,74,8744
T,36,72,8590
T,37,68,8556
C,38,62,8436
T,39,64,8888
T,40,64,10972
C,41,70,15522
G,42,74,12090
G,43,80,16482
A,44,84,20988
A,45,86,25530
T,46,86,30608
G,47,92,35604
A,48,98,155442
C,49,104,259832
T,50,108,398572
G,51,110,507264
G,52,110,578472
G,53,110,611398
C,54,110,630414
G,55,110,638138
T,56,110,635346
A,57,110,608512
A,58,110,558176
A,59,110,470802
G,60,110,346944
G,61,110,186532
G,62,110,134282
C,63,110,75828
A,64,110,40306
C,65,110,68986
G,66,110,77894
T,67,108,76838
A,68,104,76814
G,69,98,76590
G,70,90,76194
C,71,80,72710
G,72,70,66570
G,73,62,56898
T,74,62,23334
G,75,60,4078
A,76,56,1298
A,77,50,472
T,78,42,172
C,79,36,118
G,80,38,130
G,81,42,144
G,82,50,172
T,83,58,216
T,84,62,248
G,85,62,300
A,86,62,388
A,87,58,2276
A,88,60,3504
G,89,60,4964
T,90,64,5002
G,91,64,8828
A,92,62,10710
A,93,58,10704
A,94,50,10650
G,95,40,10510
T,96,30,8760
C,97,24,8006
G,98,20,5888
C,99,18,5822
C,100,14,3862
A,101,10,66
A,102,18,84
A,103,28,104
A,104,38,144
A,105,48,244
G,106,56,1188
T,107,60,2782
G,108,66,5184
G,109,74,5952
C,110,78,5984
G,111,82,6062
G,112,84,6084
A,113,82,6060
A,114,80,8650
T,115,78,8870
G,116,74,7366
C,117,72,5084
T,118,68,4072
T,119,66,4020
T,120,60,3916
C,121,50,3860
G,122,46,3846
A,123,44,1636
A,124,42,600
A,125,38,320
C,126,34,212
C,127,26,52
A,128,24,44
A,129,18,30
T,130,26,140
T,131,30,506
C,132,32,816
A,133,36,4468
C,134,44,6750
T,135,52,7320
T,136,60,7390
G,137,68,7506
A,138,74,7632
G,139,80,7686
T,140,82,7518
G,141,80,7384
A,142,78,4764
G,143,84,3136
A,144,88,2194
C,145,90,2290
A,146,92,12092
G,147,92,21254
A,148,92,30160
G,149,94,40468
G,150,94,48642
A,151,94,54002
G,152,100,64754
A,153,102,81592
G,154,106,85866
T,155,108,85882
G,156,108,82186
G,157,106,76672
A,158,102,68980
A,159,96,59116
T,160,88,48844
T,161,80,36076
T,162,70,10954
C,163,62,6844
G,164,54,388
T,165,46,138
G,166,48,464
T,167,48,974
G,168,48,1514
G,169,48,2314
A,170,56,16676
G,171,66,31168
G,172,74,40790
G,173,82,50770
G,174,90,56684
T,175,98,57250
G,176,104,56986
A,177,106,56692
A,178,104,56180
A,179,98,53630
T,180,90,44922
C,181,86,33308
T,182,80,14838
A,183,72,4342
C,184,64,3004
A,185,60,2898
G,186,54,2858
A,187,48,9444
T,188,40,8560
C,189,30,6844
T,190,34,6864
A,191,34,6868
C,192,36,6998
G,193,44,8098
A,194,50,8752
A,195,56,9662
G,196,60,3460
G,197,64,3658
A,198,70,3706
A,199,72,3676
C,200,70,3656
G,201,72,3514
C,202,78,4486
C,203,82,5338
A,204,84,5308
A,205,86,6602
A,206,86,7736
A,207,88,12486
G,208,88,50990
C,209,88,76562
G,210,96,90550
A,211,102,96162
A,212,106,97208
G,213,108,96888
G,214,110,96042
C,215,110,94488
A,216,110,91156
G,217,108,78730
C,218,106,55222
T,219,102,29996
C,220,96,11756
T,221,88,6138
C,222,82,5546
T,223,74,5006
G,224,68,4440
G,225,60,4008
G,226,50,1450
T,227,42,500
C,228,36,808
C,229,28,708
C,230,26,706
T,231,30,1048
A,232,30,1510
C,233,30,1824
C,234,28,1708
G,235,32,1786
A,236,32,1810
C,237,36,1340
G,238,36,1402
C,239,44,1458
T,240,50,1368
G,241,52,1152
G,242,56,700
G,243,64,822
G,244,72,21294
G,245,78,36540
T,246,86,45142
G,247,92,51814
C,248,96,61858
G,249,102,69744
A,250,106,75452
A,251,108,78838
A,252,108,80192
G,253,108,73270
C,254,110,58630
A,255,110,37146
T,256,110,36922
G,257,110,34914
G,258,110,61302
G,259,110,77846
G,260,110,84422
G,261,110,87606
A,262,110,101468
G,263,110,115490
C,264,110,129518
G,265,110,142844
A,266,110,169842
A,267,110,186848
C,268,110,194136
G,269,110,203290
G,270,110,490314
G,271,110,766882
A,272,110,1033650
T,273,110,1290030
T,274,110,1535998
A,275,110,1768634
G,276,110,1997584
A,277,110,2223696
T,278,110,2445176
A,279,110,2611490
C,280,108,2674262
C,281,104,2633392
C,282,98,2489106
T,283,90,2242648
G,284,80,1989922
G,285,70,1741252
T,286,60,1492574
A,287,50,1243904
G,288,40,995196
T,289,30,746494
C,290,20,497750
C,291,10,248766
A,292,0,0