Nucleotide,index,unique match,absolute match,pna_map
G,0,10,298066,0
T,1,20,596146,0
G,2,30,894270,0
C,3,40,1192398,0
C,4,50,1490502,0
A,5,60,1788610,0
G,6,70,2086700,0
C,7,80,2378740,0
A,8,90,2664622,0
G,9,98,2888250,0
C,10,104,2995800,0
C,11,108,2986624,0
G,12,110,2867116,0
C,13,110,2637296,0
G,14,110,2356700,0
G,15,110,2072138,0
T,16,110,1784140,0
A,17,110,1492804,0
A,18,110,1197262,0
T,19,110,897634,0
A,20,110,628818,0
C,21,110,359970,0
A,22,110,90894,0
G,23,110,77768,0
A,24,110,68414,0
G,25,110,61394,0
G,26,110,54628,0
A,27,110,48426,0
T,28,110,94040,0
G,29,110,176690,0
C,30,110,249916,0
A,31,110,317028,0
A,32,110,405770,0
G,33,110,483774,0
C,34,110,546870,0
G,35,110,590418,0
T,36,110,613462,0
T,37,110,605840,0
A,38,110,565140,0
T,39,110,519754,0
C,40,110,476340,0
C,41,110,419562,0
G,42,110,348246,0
G,43,110,269606,0
A,44,110,185430,0
A,45,110,95578,0
T,46,110,70916,0
G,47,110,46162,0
A,48,110,113598,0
T,49,110,171372,0
T,50,110,319056,0
G,51,110,434252,0
G,52,110,512418,0
G,53,110,552730,0
C,54,110,574776,0
G,55,110,578586,0
T,56,110,577490,0
A,57,110,561856,0
A,58,110,532772,0
A,59,110,466488,0
G,60,110,362820,0
C,61,110,221748,0
G,62,110,143948,0
T,63,110,52426,0
C,64,110,24514,0
T,65,110,20604,0
G,66,110,27650,0
T,67,110,27188,0
A,68,110,26110,0
G,69,110,24496,0
G,70,110,22786,0
T,71,110,20944,0
G,72,110,20442,0
G,73,110,20372,0
C,74,110,18922,0
T,75,110,12368,0
T,76,110,11856,0
T,77,110,10284,0
T,78,110,10226,0
T,79,110,10286,0
A,80,110,10656,0
A,81,110,10270,0
G,82,110,9524,0
T,83,110,8538,0
C,84,110,6674,0
C,85,110,3774,0
G,86,110,3650,0
C,87,110,3248,0
C,88,110,3044,0
G,89,110,2710,0
T,90,110,2676,0
C,91,110,2928,0
A,92,110,8200,0
A,93,110,13140,0
A,94,110,18392,0
T,95,110,22886,0
C,96,110,32368,0
C,97,110,40790,0
C,98,110,49834,0
A,99,110,59276,0
G,100,110,111782,0
G,101,110,153660,12
G,102,110,167950,24
C,103,110,169670,36
T,104,110,169298,46
C,105,110,164224,54
A,106,110,159666,60
A,107,110,152944,64
C,108,110,145668,66
C,109,110,118710,66
C,110,110,67158,64
T,111,110,31108,60
G,112,110,22812,54
G,113,110,15302,46
A,114,110,9132,36
C,115,110,6940,24
A,116,110,7242,12
G,117,110,7466,0
G,118,110,11242,0
C,119,110,12108,0
G,120,110,12928,0
G,121,110,14284,0
T,122,110,15662,0
G,123,110,16216,0
G,124,110,14220,0
A,125,110,13850,0
A,126,110,13198,0
A,127,110,9084,0
C,128,110,8296,0
T,129,110,7096,0
A,130,110,5330,0
C,131,110,4090,0
C,132,110,3434,0
A,133,110,3832,0
A,134,110,6232,0
G,135,110,9300,0
C,136,110,13832,0
T,137,110,15306,0
T,138,110,15878,0
G,139,110,31204,0
A,140,110,32906,0
G,141,110,33804,0
T,142,110,33772,0
A,143,110,32246,0
C,144,110,32082,0
G,145,110,29030,0
G,146,110,28138,0
T,147,110,27198,0
A,148,110,14180,0
G,149,110,14116,0
G,150,110,13494,0
G,151,110,16302,0
G,152,110,17240,0
C,153,110,16072,0
A,154,110,17238,0
G,155,110,17402,0
A,156,110,17400,0
G,157,110,17614,0
G,158,110,22886,0
G,159,110,25884,0
A,160,110,26292,0
A,161,110,26616,0
T,162,110,26268,0
T,163,110,25672,0
T,164,110,24738,0
C,165,110,26570,0
C,166,110,28728,0
G,167,110,33816,0
G,168,110,40830,0
T,169,110,46594,0
G,170,110,51358,0
G,171,110,54880,0
A,172,110,249644,0
G,173,110,434880,0
C,174,110,608412,0
G,175,110,772938,0
G,176,110,942696,0
T,177,110,1097340,0
G,178,110,1223836,0
A,179,110,1327064,0
A,180,110,1412784,0
A,181,110,1430976,0
T,182,110,1379002,0
G,183,110,1283290,0
C,184,110,1142828,0
G,185,110,953830,0
T,186,110,797566,0
A,187,110,648726,0
G,188,110,498454,0
A,189,110,342254,0
G,190,110,182136,0
A,191,110,138996,0
T,192,110,95592,0
C,193,110,51384,0
G,194,110,30774,0
G,195,110,22426,0
A,196,110,14170,0
A,197,110,27038,0
A,198,110,32040,0
G,199,110,35306,0
A,200,110,35908,0
A,201,110,36372,0
C,202,110,36754,0
A,203,110,36982,0
C,204,110,36552,0
C,205,110,35578,0
A,206,110,24870,0
A,207,110,12684,0
C,208,110,7894,0
G,209,110,12780,0
G,210,110,16608,0
C,211,110,16830,0
G,212,110,16546,0
A,213,110,16240,0
A,214,110,15812,0
A,215,110,15404,0
G,216,110,15570,0
C,217,110,15496,0
A,218,110,11002,0
C,219,110,7676,0
T,220,110,7620,0
C,221,110,8186,0
T,222,110,8798,0
G,223,110,9042,0
C,224,110,9938,0
T,225,110,10180,0
G,226,110,10508,0
G,227,110,10844,0
G,228,110,11002,0
C,229,110,11568,0
C,230,110,12194,0
G,231,110,12820,0
A,232,110,13812,0
C,233,110,16120,0
A,234,110,38992,0
C,235,110,58608,0
T,236,110,73110,0
G,237,110,80826,0
A,238,110,82050,0
C,239,110,81530,0
A,240,110,80682,0
C,241,110,81474,0
T,242,110,81584,0
G,243,110,75068,0
A,244,110,63744,0
G,245,110,44902,0
A,246,110,22840,0
G,247,110,28734,0
A,248,110,39758,0
C,249,110,61028,0
G,250,110,81036,0
A,251,110,99950,0
A,252,110,117658,0
A,253,110,132276,0
G,254,110,144918,0
C,255,110,155130,0
T,256,110,158492,0
A,257,110,161326,0
G,258,110,173316,0
G,259,110,171792,0
G,260,110,156376,0
G,261,110,137398,0
A,262,110,121492,0
G,263,110,105814,0
C,264,110,90020,0
G,265,110,74260,0
A,266,110,69448,0
A,267,110,56046,0
T,268,110,34810,0
G,269,110,69298,0
G,270,110,354742,0
G,271,110,590286,0
A,272,110,769244,0
T,273,110,891774,0
T,274,110,957124,0
A,275,110,964826,0
G,276,110,965694,0
A,277,110,966194,0
T,278,110,959368,0
A,279,110,895822,0
C,280,110,775350,0
C,281,110,597718,0
C,282,110,362954,0
C,283,110,78614,0
A,284,110,45300,0
G,285,110,61732,0
T,286,110,75602,0
A,287,110,86930,0
G,288,110,95746,0
T,289,110,103844,0
C,290,110,111928,0
C,291,110,119922,0
T,292,110,128022,0
A,293,110,138254,0
G,294,110,271246,0
C,295,110,383352,0
C,296,110,463470,0
G,297,110,556354,0
T,298,110,624244,0
A,299,110,646688,0
A,300,110,661708,0
A,301,110,672876,0
C,302,110,680884,0
G,303,110,658350,0
A,304,110,604242,0
T,305,110,527714,0
G,306,110,407044,0
G,307,110,235918,0
A,308,110,187742,0
T,309,110,154908,0
A,310,110,124290,0
C,311,110,101720,0
T,312,110,79346,0
A,313,110,56474,0
G,314,110,36396,0
G,315,110,17824,0
C,316,110,4810,0
G,317,110,3190,0
C,318,110,1390,0
T,319,110,1524,0
G,320,110,1628,0
T,321,110,1750,0
G,322,110,2194,0
C,323,110,4208,0
G,324,110,13740,0
T,325,110,18902,0
A,326,110,19880,0
T,327,110,20300,0
C,328,110,20592,0
G,329,110,20862,0
A,330,110,21158,0
C,331,110,21294,0
C,332,110,21006,0
C,333,110,16242,0
G,334,110,7486,0
T,335,110,5604,0
G,336,110,5270,0
C,337,110,5310,0
A,338,110,5808,0
G,339,110,6272,0
T,340,110,6808,0
G,341,110,6918,0
C,342,110,7584,0
T,343,110,8582,0
G,344,110,28638,0
T,345,110,46356,0
A,346,110,105468,0
G,347,110,143926,0
C,348,110,175362,0
T,349,110,218888,0
A,350,110,252810,0
A,351,110,274266,0
C,352,110,289116,0
G,353,110,297246,0
C,354,110,294964,0
G,355,110,264944,0
T,356,110,244556,0
T,357,110,230858,0
A,358,110,210618,0
A,359,110,176326,0
G,360,110,152830,0
T,361,110,134540,0
A,362,110,126600,0
T,363,110,137176,0
C,364,110,185166,0
C,365,110,360356,0
C,366,110,528138,0
G,367,110,689168,0
C,368,110,935346,0
C,369,110,1136370,0
T,370,110,1292162,0
G,371,110,1401482,0
G,372,110,1464936,0
G,373,110,1476058,0
G,374,110,1448836,0
A,375,110,1392346,0
G,376,110,1302514,0
T,377,110,1169122,0
A,378,110,994678,0
C,379,110,802532,0
G,380,110,604750,0
T,381,110,390960,0
T,382,110,387310,0
C,383,110,387144,0
G,384,110,387438,0
C,385,110,387730,0
A,386,110,387926,0
A,387,110,387486,0
G,388,110,387408,0
A,389,110,387520,0
A,390,110,391920,0
T,391,110,533552,0
G,392,110,676526,0
A,393,110,914318,0
A,394,110,1145654,0
A,395,110,1374872,0
C,396,110,1603912,0
T,397,110,1832318,0
C,398,110,2059922,0
A,399,110,2290376,0
A,400,110,2490572,0
A,401,108,2607618,0
G,402,104,2620278,0
G,403,100,2545260,0
A,404,94,2375404,0
A,405,86,2128824,0
T,406,76,1864686,0
T,407,66,1600556,0
G,408,56,1334964,0
A,409,46,1067888,0
C,410,36,805368,0
G,411,26,542200,0
G,412,16,274238,0
G,413,6,8,0
